id,subreddit,submission_id,score,comment_body
jbnq5e9,reddevils,11nl59m,-0.5,He was clearly signaling for a substitution. Pellistri misread it and high 5 him.
jbnpoh0,reddevils,11nl59m,0.9,"I'll never forget Bruno standing behind Ole while the crowd booed him, gesturing that the players should share the blame and that it was on all of them, not just Ole. 

How can anyone believe that this man was demanding to be subbed off when we were down? He's never been one to hide behind anybody."
jbnoo3x,reddevils,11nl59m,0.3,That is such a Wout goal (even though he hasnâ€™t scored a lot yet)
jbnpdfj,reddevils,11nl59m,0.6,"I hope Pellistri gets more game time. I think Antony could do with the competition to improve his consistency. Plus, he can't play every game."
jbnvnr2,reddevils,11nl59m,0.9,"I love Bruno. 

Genuinely canâ€™t believe the vitriol and hatred that gets from people. Like Iâ€™ll say â€œI hate AgÃ¼eroâ€ but, obviously I donâ€™t actually hate him. Heâ€™s just a guy that scored goals for a rival team. Itâ€™s all fun and games.

But, the way people talk about Bruno youâ€™d swear he committed war crimes. Talking about his family, his character as a human being. Itâ€™s just crossing the line. 

There are potential rapists that get less hate than Bruno."
jbnvsqh,reddevils,11nl59m,0.7,Pellistri should've earned a start in the 2nd leg.
jbnrw4h,reddevils,11nl59m,-0.5,Gary told me that hug was secret code meaning he loves the Annfield sign. The mirror is reporting.
jbnootl,reddevils,11nl59m,0.6,MY CAPTAIN!
jbnql3p,reddevils,11nl59m,0.2,We can talk about Bruno now?
jbnxrp1,reddevils,11nl59m,0.7,"Great angle of the goal - you can see itâ€™s a worked on routine with big Weg bully his marker out the way leaving Pellistri clear. Also having conditioned the left back on going inside with Antony was a very well worked goal. VISIONS

ps. Bruno played out his skin and is always my capâ€™n. but haters gon hate."
jc1ju7j,reddevils,11q6t4a,-0.6,I think the lack of consistency is the main complaint that I have seen
jc1k3gt,reddevils,11q6t4a,0.3,"If people want to maintain that Casemiro's card was a red, that's fine, I'm sure we can accept that even begrudgingly. The issue is the clear inconsistency by referees from game to game."
jc1k5fx,reddevils,11q6t4a,-0.6,The KWP two footed tackle through AG was worse. Taylor and Marriner need to face repercussions for this. Twice this season weâ€™ve had players face potential serious injuries and there wasnâ€™t even a yellow given.
jc1kc9l,reddevils,11q6t4a,-0.6,"The most ridiculous part;

One scenario there is a legitimate attempt at the ball and perhaps some intentional afters; we'll never legitimately know . . . .

The other scenario is well after the ball is gone; not even a remote possibility that this was a challenge for a ball - nothing but blatant intentional contact.  Again, we may never know if the player intended to injure an opponent, but under these circumstances, there's basically no doubt that there was intent to foul and in doing so the opponent was needlessly endangered."
jc1jtgk,reddevils,11q6t4a,-0.6,"Well, this is the second time Casemiro gets a controversial red card, it's not ok."
jc1kn8n,reddevils,11q6t4a,-0.9,"There appeared to be an agenda! Otherwise how does that motherfucking Southampton defender, crawling on all fours, stopping the ball with his arm not constitute a penalty? Wasn't even VAR reviewed!?"
jc1lmb0,reddevils,11q6t4a,-0.6,"I usually stay away from ref analysis stuff like this as I usually associate that with being a delusional Arsenal fan but on this occasion I can't help but feel that something fishy is going on.

Casemiro red was harsh but I understand the concept that the tackle was uncontrolled and endangered the other player. However the walker peters tackle was also uncontrolled and did literally injure the other player and yet wasn't even a foul? Both instances the defender got the ball but was maybe a little reckless.

The handball was probably as much as a stonewall pen as you can get. The ball travels a good 20 yards and nobody can say the hand was in a natural position unless you always run about with your hands on the ground.

IMO 1 bad reffing decision with terrible inconsistency followed by a reffing decision which is borderline corruption."
jc1omsu,reddevils,11q6t4a,0.1,"One was redirected by the ball, the other was not."
jc1phnf,reddevils,11q6t4a,-0.5,"I do think Case was a red, if it was other way around lets be honest weâ€™d be screaming for a red

But the consistency is horrendous. Thatâ€™s either a red all the time or it isnâ€™t. 

Also that handball pen ğŸ¤¦â€â™‚ï¸ how is that not a pen ffs."
jc1l17d,reddevils,11q6t4a,0.2,Casemiros is a red card *if* the refs were consistent this season but itâ€™s not a red card now considering the amount of times tackles like this happen every week with no card given or no VAR intervention for every other team.
jbmkbyc,reddevils,11nc4wq,0.9,Man I love Casemiro so much
jbml15q,reddevils,11nc4wq,0.7,"The last time he score in a cup, we won that cup ;)"
jbmohaq,reddevils,11nc4wq,0.9,"I think it was a huge relief for him- that celebration was the ""fucking finally"" moment. Maybe it means he'll play a bit more relaxed now, he was definitely a bit on edge and under pressure. Huge goal for him mentally, but also for the team to gain a bit more separation for the second leg."
jbmmp2n,reddevils,11nc4wq,0.6,Happy for Wout'w goal but Pellistri was so good though
jbmrmp3,reddevils,11nc4wq,0.2,Reminds me of Dan James 1st goal celebration
jbmkhz0,reddevils,11nc4wq,0.9,Beautiful. It looks like he has exhausted all his pent-up emotions at the end of that knee slide.
jbmiyrk,reddevils,11nc4wq,0.9,Iâ€™ve watched this so many times and my goodness the goosebumps I get from his roar post-knee slide ğŸ˜
jbmjupb,reddevils,11nc4wq,0.5,"Tears in my eyes and his eyes.

Hope he can get another few trophies by the end of the season."
jbms9ep,reddevils,11nc4wq,0.9,How can you not love a player for who it means so much to score for that badge? He may not be the most talented striker but he gives his all every game.
jbmpss8,reddevils,11nc4wq,0.9,"Love it. Looks on the verge of tears he's so happy lol. Can tell that meant a lot and he's been so close to scoring in the last few games.

Honestly really want us to sign him in the summer. He's not going to play as much if we get a striker in the summer but he can certainly pitch in next season as 3rd or 4th striker. We need more players like him just with extra quality (without being horrible)"
jd7rkn5,reddevils,11yj2ij,-0.9,Fuck Andy Carrol
jd7sgpi,reddevils,11yj2ij,0.4,"We really need the bodies in the closing weeks. 
- martial 
- erikson 
- garnacho 

3 big positions that will add a bit of depth"
jd7vax6,reddevils,11yj2ij,0.5,It's no coincidence that our form has dipped without him. Casemiro's influence is obviously evident. But Eriksen is super important in the scheme of things. He has been greatly missed.
jd7rwj7,reddevils,11yj2ij,0.2,"Just in time for a strong finish on all fronts!

Hopefully ETH unleashes a FIT Martial as well and the guy REMAINS FIT ffs!"
jd7rql1,reddevils,11yj2ij,-0.5,Canâ€™t come back soon enough
jd7rr4g,reddevils,11yj2ij,0.4,BRU-RIKSEN is coming back on the menu boys.
jd7rfuw,reddevils,11yj2ij,-0.25,scary hours. league isnâ€™t ready
jd7vhtn,reddevils,11yj2ij,0.0,"Bruno Eriksen Case midfield with Fred and Sabitzer on the bench

Rashford Martial Antony with Sancho, Garnacho, Weghorst, Pellistri on the bench 

Scary hour otw"
jd7t85v,reddevils,11yj2ij,0.5,"So happy he finally learned to tie his shoes (/s)

Can't wait to have him back!!"
jd7tcst,reddevils,11yj2ij,-0.6,We need his composure so bad
je4ciup,reddevils,125ip8u,0.9,Loving the Fergie time pose!
je4curp,reddevils,125ip8u,0.95,He looks greatğŸ¥°
je4cots,reddevils,125ip8u,,[POV: You're Mark Hughes at OT and Michael Owen has just came on.](https://i.imgur.com/zn4qweO.png)
je4dur2,reddevils,125ip8u,0.5,"The greatest there ever was, the greatest there ever will be."
je4ckqh,reddevils,125ip8u,0.9,handsome fella
je4croo,reddevils,125ip8u,-0.5,https://i.imgur.com/DVycQhI.png MRW the Amazon parcel tracker says 15:15-16:15 and the driver pulls up at 16:17
je4e29r,reddevils,125ip8u,0.6,"He looks fitter now than he did in the 90s 

Wonder if Caths got him on the quinoa and spinach smoothies

Yes boss

â¤"
je4cbbx,reddevils,125ip8u,0.2,"Source - official website :

https://www.manutd.com/en/imagegallery/detail/gallery-of-sir-alex-ferguson-hall-of-fame-29-march-2023"
je4dj8e,reddevils,125ip8u,0.6,The smile ğŸ˜Š
je4d4jp,reddevils,125ip8u,0.6,Still looking as great as ever.
jb5cvd0,LiverpoolFC,11k1squ,-0.9,Iâ€™d be embarrassed to have him on my team
jb5b1cv,LiverpoolFC,11k1squ,-0.4,Him asking for the ball and Virgil absolutely fucking kicking it out of the stadium ğŸ’€ğŸ’€ğŸ’€ğŸ’€
jb5bht8,LiverpoolFC,11k1squ,-0.7,I wondered why he wasnâ€™t closing down any of our players during the gamesâ€¦turns out he was man marking the referee.
jb5cr74,LiverpoolFC,11k1squ,-0.5,I think even a lot of United fans are sick of his antics. Not captain material
jb5ct1j,LiverpoolFC,11k1squ,-0.3,"Lots of posts get created about time wasting but I think play acting is a bigger problem. 

I think if players tell the ref how to do his job and tell him who he should be booking they should also receive a card their job is  to play so just play. This also includes surrounding the referee as only the captain's are allowed to approach the ref so give cards to others that do it so it stops. 

Also players that dive, over exaggerate challenges and fake injuries to time waste should be booked too. This includes players who get their shirts touched and roll around like they've been shot. Players who get touched on the chest and fall like a house of cards holding their head like they've been assaulted. Players like Grealish who falls so much he's either playing in slippers or he's tripping over his own shadow. 

Also there needs to be changes about possible head injures as many teams are abusing the system. If a player goes down holding his head because the opposite team is on the counter attack and he knows that the ref has to stop play because of head injuries. If VAR realises this is acting to manipulate the referees they should receive yellow cards too as it's embarrassing to watch and gives the sport a bad name.

Fernandes does all of the above

Another point from this game was that Salah received a yellow card for removing his shirt yet Fernandes went unpunished for pushing the referees asst so explain that one................."
jb5d6cy,LiverpoolFC,11k1squ,-0.9,"That's their fucking *captain*. I'd be embarassed beyond belief.

Imagine watching your captain not only be the worst of worst playactors - But to actually just let somene run past him and give up. Absolutely pathetic player."
jb5furj,LiverpoolFC,11k1squ,-0.9,"If ever there was a team that deserved to get destroyed it was them. 

Between Bruno, Antony and the 4ft0 center back, fuck them all."
jb5glhy,LiverpoolFC,11k1squ,0.0,https://preview.redd.it/rpq1y4ixo6ma1.jpeg?width=1170&format=pjpg&auto=webp&v=enabled&s=2498777a00bcb47a17f611f5abbcd9a06dfba20e
jb5byxv,LiverpoolFC,11k1squ,-0.95,"Wow, I think that half arsed tackle on Bajcetic followed by a slow walk at the end said it all."
jb5f5y1,LiverpoolFC,11k1squ,-0.9,"Heâ€™s such a rat, canâ€™t stand the man"
jb9539z,LiverpoolFC,11kvtk9,0.7,"I laughed when I saw that live, especially when Salah looked up and assured everyone that everything was fine, nothing to see here."
jb96iao,LiverpoolFC,11kvtk9,-0.6,"How innocent ""luke shaw has just run into him"" how threatning ""he has just snapped has Nunez"" cant even comment for one instance without his bias."
jb986gq,LiverpoolFC,11kvtk9,0.6,"Salah and Nunez are such interesting duo, they probably dont understand each other because of language barrier but they seem very supportive for each other"
jb9531x,LiverpoolFC,11kvtk9,-0.9,Pathetic from Shaw.
jb959aa,LiverpoolFC,11kvtk9,-0.9,They knew they couldnâ€™t win so resorted to trying to get one of ours sent off. Absolute scum team.
jb94ptl,LiverpoolFC,11kvtk9,0.7,Saves Shawâ€™s life and shows a certain rat how a captain should behave. King ğŸ™Œ
jb95raz,LiverpoolFC,11kvtk9,0.5,Thank god Salah was there lol
jb95ey0,LiverpoolFC,11kvtk9,0.6,He responded even better with two goals)
jb965v2,LiverpoolFC,11kvtk9,-0.6,Shouldâ€™ve celebrated in his face when he scored.
jb96wuq,LiverpoolFC,11kvtk9,0.4,Thereâ€™s gotta be footage somewhere of Shawâ€™s face after Nunezâ€™ second goal
jcq09ms,LiverpoolFC,11uusug,0.9,Golden time period.
jcq2qsh,LiverpoolFC,11uusug,-0.5,I really missed dancing to Sturridge's celebration when he scored
jcq0xzt,LiverpoolFC,11uusug,0.2,This was one of the most outrageous seasons of all time Suarez and sturridge literally almost out scores one of the leagues worst defenses to win a title
jcq21dr,LiverpoolFC,11uusug,0.6,Will never forget Sunderland away when Suarez came back from his ban. Their partnership was on another level
jcq9hku,LiverpoolFC,11uusug,0.9,Might be crazy to say given we've won literally every trophy under Klopp but 2013-14 is the most fun season I've ever had as a Liverpool fan tbh. Everyone was so unexpected and unpredictable and the games were never boring.
jcq3v7u,LiverpoolFC,11uusug,0.6,"Favourite memory of this partnership was the 6-3 against Cardiff - that season in a nutshell.

Concede three to an incredibly medicore Cardiff side? Doesn't matter, we'll just casually score six.

Suarez was his usual electric self but Sturridge scored a hugely underrated goal at the back post."
jcq2lo6,LiverpoolFC,11uusug,0.9,I came to Liverpool in a study abroad program in January of 2014 and it was incredible experiencing the city as this title race unfolded. Watching the Merseyside Derby at Bierkeller was one of my favorite memories.
jcq1oa0,LiverpoolFC,11uusug,0.0,SAS!
jcq9u0b,LiverpoolFC,11uusug,0.4,Sturridgeâ€¦that man burnt so brightly ğŸ¥²
jcq4zzw,LiverpoolFC,11uusug,0.9,"Never seen a player carry a team harder than suarez did, iv seen van persie carry arsenal and Bale carry spurs. Suarez is the best player i have ever seen in a Liverpool shirt....."
jbbf0sn,LiverpoolFC,11laq9j,0.5,Hahaha what a shithouser he is. Love it.
jbbf3kc,LiverpoolFC,11laq9j,-0.6,Carra is a massive wind up merchant lmao
jbbp7ft,LiverpoolFC,11laq9j,0.0,https://twitter.com/scrapytweets/status/1633215485717233664?s=46&t=UcckoyNFyzjrAcX9PO3wfw
jbbf5az,LiverpoolFC,11laq9j,-0.5,Hahahahaha class
jbbiyoi,LiverpoolFC,11laq9j,-0.9,Fucking elite level trolling
jbbgjby,LiverpoolFC,11laq9j,0.6,That's my pundit!
jbbizs8,LiverpoolFC,11laq9j,0.2,Sponsorship opportunity
jbboqpf,LiverpoolFC,11laq9j,0.9,I love this man hahahaha
jbbql8u,LiverpoolFC,11laq9j,-0.9,Neville in fucking shambles
jbby5od,LiverpoolFC,11laq9j,0.6,"He was in good mood today ğŸ˜… 

https://twitter.com/JajaBreed/status/1633208369015140361?t=787-9a1W9Yag2Wx34psk8g&s=19"
jc1bsro,LiverpoolFC,11q4jho,-0.9,Just doing our part to get Everton relegated
jc1cq92,LiverpoolFC,11q4jho,-0.4,I remember this meme from when we won against rampaging City and lost against Swansea I think?
jc1iixn,LiverpoolFC,11q4jho,-0.5,2015/16 memes are back
jc1bldc,LiverpoolFC,11q4jho,0.0,Sherwood Forest FC
jc1c849,LiverpoolFC,11q4jho,,[Same energy as this meme](https://i.imgur.com/adxtvnI.jpg)
jc1h0qu,LiverpoolFC,11q4jho,0.9,So true. This picture describes perfectly this season.
jc1d771,LiverpoolFC,11q4jho,0.0,Liverhood Forest Club
jc24b49,LiverpoolFC,11q4jho,0.6,The comforting nostalgia of glasses Klopp - true excellence
jc1apkx,LiverpoolFC,11q4jho,0.9,"Ha, ha! Great point and very nice imagery!"
jc1sfw1,LiverpoolFC,11q4jho,-0.6,White kit curse continues......
jeozqjv,chelseafc,129unbt,-0.6,Seems like a nice guy and I wish him success elsewhere. But if I'm honest I've never felt this good about sacking before.
jeoz4wd,chelseafc,129unbt,-0.5,BAH GAWD THATS NAGELSMANNâ€™S MUSIC
jep3o8y,chelseafc,129unbt,-0.6,Boehly already a proper Chelsea owner sacking a manager hahahaha
jeozlyl,chelseafc,129unbt,0.0,https://preview.redd.it/j63m0cio9kra1.jpeg?width=828&format=pjpg&auto=webp&v=enabled&s=76f97209d76b991ef6451a8254e0d1c8f9c37454
jeoz9bn,chelseafc,129unbt,0.0,https://preview.redd.it/hnnz7nl89kra1.jpeg?width=623&format=pjpg&auto=webp&v=enabled&s=908a88ea14ab97854b78a6916df047296de42776
jeozbre,chelseafc,129unbt,0.6,"Iâ€™m grown up to admit I was wrong about him. Nagelsmann has to be the clear top choice, right?"
jep0iub,chelseafc,129unbt,-0.95,"Utterly disastrous appointment, will go down as the worst manager we've had in the last 20+ years."
jeoz4ht,chelseafc,129unbt,-0.6,holy shit I thought it would never come
jeoz9u7,chelseafc,129unbt,-0.6,Ucl here we fucking come
jep036t,chelseafc,129unbt,0.6,"Potter did his best out there, that's how it goes right."
jbkuq65,chelseafc,11n17sj,-0.6,His original fall in confidence was rumored to be coincident with a bad break up. Maybe his new girl is just a giant ego boost ;)
jbktc8c,chelseafc,11n17sj,0.7,He looks mentally locked in when he plays and itâ€™s such a big difference than where he was seasons ago. I back him to be our #1 in seasons ahead and letting slonina be our back up
jbl5ldm,chelseafc,11n17sj,-0.5,The OG 7 year contract
jbkzosb,chelseafc,11n17sj,0.0,My Kepa
jbkwii0,chelseafc,11n17sj,0.6,"He's been amazing this season. It's a shame the ghost of that poor season still haunts him because almost every time he concedes he still gets the ""typical Kepa!"" treatment despite him making save after save prior."
jbl3f8i,chelseafc,11n17sj,0.9,"[My Kepa ğŸ’™](https://imgur.com/a/tUVOYmQ)

Always been supportive of him ğŸ¦UTC"
jbl23g2,chelseafc,11n17sj,-0.4,Thiago Silva has been injured for like a week and youâ€™ve all forgotten about him already?
jbkud52,chelseafc,11n17sj,0.9,"Kepa is our POTS for me. Apart from the City game, heâ€™s saved us on so many occasions, his kicking has been supreme and he allows us to play out from the back so easily with his calmness."
jbl27sf,chelseafc,11n17sj,0.2,Heâ€™s got that armband when Kova goes off for a reason.
jbkwxn4,chelseafc,11n17sj,0.6,Silva is player of the season imo. Kepa wouldn't have anywhere near as many cleansheets without Silva commanding the back line like he does. Kepa has been very good but he still has the potential for a brain stutter in big games like vs Spurs and he still isn't good at commanding the area. Silvas compensated alot for Kepas weaker aspects.
jelclip,chelseafc,128zkly,0.7,"This is the same guy who said 'I want to build a team no one wants to play against' when he first came in. Nobody should be questioning his elite mentality. It's what makes him a world class manager/coach. It was Tuchel that gave us 3 wins in a row vs City in 2021 and caused Pep to overload his brain and make mistakes. You're talking about a man with class. 

Mentioning potter in the same breath is an actual insult to tuchel."
jel43fd,chelseafc,128zkly,0.0,Mid table manager vs world class manager
jel4s24,chelseafc,128zkly,-0.85,Every day I wonder what we did to deserve to be in this mess
jel4e4l,chelseafc,128zkly,-0.5,How long do we recon Potter has left? Must be on the thinnest of strings.
jel64uv,chelseafc,128zkly,-0.85,"Forget Pique, weâ€™re the ones who traded a ferrari for a twingo. Stupid Boehly/Eghbali destroying the legacy of a club that doesnâ€™t accept mediocrity."
jem3vfu,chelseafc,128zkly,0.0,![gif](giphy|d2lcHJTG5Tscg)
jel9cvy,chelseafc,128zkly,-0.7,The difference between the 2 is immeasurable. Sad
jel5jp2,chelseafc,128zkly,0.2,TT looks Imperial
jell482,chelseafc,128zkly,-0.6,He looks so much better in blue. He looks like a villain in Bayern Colors
jel45fl,chelseafc,128zkly,-0.9,"Fuck Bohely, Fuck Russia and Fuck the UK government"
jbcfxt7,chelseafc,11lhk9h,0.9,How this man has come to Chelsea in the twilight of his career and become a Chelsea legend is incredible. Truly one of the best to wear Chelsea blue of all time.
jbcjgdn,chelseafc,11lhk9h,-0.9,"That tackle looked so bad, I thought Reece was dead there..."
jbcfnap,chelseafc,11lhk9h,0.6,Future manager right there
jbcikcy,chelseafc,11lhk9h,0.9,"Once he hangs up his boots, he should be our Defensive coach. Fofana, Chalobah, Badia, Colwill 
All these young CBs will learn so much from him"
jbcfr5c,chelseafc,11lhk9h,0.9,The single best thing Frank Lampard did for this football club as manager was integrating Reece James and signing Thiago Silva.
jbcflm4,chelseafc,11lhk9h,0.7,Build him a statue
jbcmzom,chelseafc,11lhk9h,-0.5,I love Thiago so fkn much. And to think I doubted him when he first joined. What a fucking dumbass bitch I was
jbcgwie,chelseafc,11lhk9h,0.6,HES ONE OF US!!!
jbcxdo3,chelseafc,11lhk9h,-0.9,"Fucking proper Chels, you know heâ€™s seething being on the sidelines and wants to get stuck in.

![gif](giphy|TxBoVHzPJmntndjdD1)"
jbchsug,chelseafc,11lhk9h,-0.6,Do we know if Reece is alright? Looked nasty
jch7p3z,chelseafc,11t4wxi,-0.5,"Who is this person, and what has he done with Graham Potter ğŸ§"
jch80yd,chelseafc,11t4wxi,0.2,We have unlocked Dark Potter
jchb3sn,chelseafc,11t4wxi,-0.6,We can lose 7-0 to Everton if it means a CL
jcha6r0,chelseafc,11t4wxi,-0.9,Beginning to think Boehly killed Potter and brought in a doppelganger to replace him
jch7aij,chelseafc,11t4wxi,-0.5,BOOTY SHAKIN!
jch7zc1,chelseafc,11t4wxi,0.5,Im probably overreacting here but YES GRAHAM!!
jcha47z,chelseafc,11t4wxi,-0.5,So thatâ€™s all the fans needed. He just had to start using the f word
jch7jnj,chelseafc,11t4wxi,0.2,Just me or looks like Roman from this angle?
jch6pfr,chelseafc,11t4wxi,0.7,I like this graham potter.
jch6zfx,chelseafc,11t4wxi,-0.5,"Love this. 

Although he sounds like a 12 year old given permission to say fuck for the first time. ğŸ˜­"
jbxvums,Gunners,11phwu1,0.6,He looks pleased about it.
jbxvvqu,Gunners,11phwu1,-0.9,The fucking pic hahahaha
jbxw4f6,Gunners,11phwu1,0.2,"Such a fantastic buy. He was unplayable today.  


No idea who starts from Martinelli, Saka, Trossard and Jesus."
jbxw1qj,Gunners,11phwu1,0.5,Every Trossard pic has immense meme quality lmfao
jbxvzqq,Gunners,11phwu1,-0.6,"Trossard: I could get 5 assists today, those MFers...."
jbxw7if,Gunners,11phwu1,0.0,LEANDRO BOSSARD
jbxvuxg,Gunners,11phwu1,0.7,Leo gives best facial expressions ğŸ˜…
jbxvx79,Gunners,11phwu1,-0.3,He got that DAWG in him
jbxwryd,Gunners,11phwu1,0.9,"Trossard motm but partey a very close second imo, tackles, possession wins, passing, dribbles, all exceptional"
jbxvsjq,Gunners,11phwu1,0.0,Deserved
jcu4u0d,Gunners,11vp45q,-0.5,Martinelli probably did that against him in training multiple times lol
jcu468k,Gunners,11vp45q,-0.2,"""What can you do about it? There's no stopping that.. Pffhhrrttt"""
jcu43d4,Gunners,11vp45q,0.9,This is amazing hahaha
jcu7ib8,Gunners,11vp45q,0.9,"No way. This fucking guy man. I hope he stays here for his whole career and becomes a club legend for us, heâ€™s far too likeable for this not to happen!"
jcu4v5v,Gunners,11vp45q,-0.5,prob seen him do that 1000 times in training
jcu45a5,Gunners,11vp45q,0.9,Hahahaha this is amazing. What a goalie
jcu46z1,Gunners,11vp45q,-0.9,"He is like, ""We don't even need Jesus. We don't even need Jesus."""
jcu4pwd,Gunners,11vp45q,0.6,"No way, that's insane.

This team is so in sync."
jcu5sbe,Gunners,11vp45q,0.0,"Marionettes, Aaron is all of them."
jcu5w1f,Gunners,11vp45q,0.0,![gif](giphy|l3q2JCu9lep6dAmyY)
jbxxl1v,Gunners,11phwb7,0.1,If we win the league I'm gonna need this lady to present the trophy and she's gonna have to give it to Benny Blanco.
jbxvu0u,Gunners,11phwb7,0.5,There she is!
jbxvse7,Gunners,11phwb7,0.9,Thank you very much
jbxvs7a,Gunners,11phwb7,0.9,THANK YOU VERY MUCH
jbxvsgd,Gunners,11phwb7,-0.6,"Fucking finally. 

For a change, a nice calm thank you very much."
jbxyrar,Gunners,11phwb7,0.9,honestly at this point this lady is a club icon. if anyone at the club is lurking this subreddit they need to hire her permanently in some capacity
jbxvs0m,Gunners,11phwb7,0.0,Thank
jbxvx7m,Gunners,11phwb7,0.6,Somewhat relevant point: White really deserved that assist for that beautiful left footed cross to Martinelli at the back post
jbxvsfl,Gunners,11phwb7,0.9,Thank you very much!
jbxvwyr,Gunners,11phwb7,-0.7,She was all warmed up by half time. TYVM.
jb4jrb4,Gunners,11jw24s,-0.6,The commentator forget that he shouldn't reveal the script
jb4jtk3,Gunners,11jw24s,0.9,Holy shit that is an incredible piece of art.
jb4v9xh,Gunners,11jw24s,-0.2,"The virgin Western commentator: I have to remain impartial in my commentary and react to the game as it happens.

Gigachad Arabic commentators: COME ON YOU GUNNERS I HAVE DIVINED THE COALESCING FUTURE TIMELINES AND HAVE FORESEEN YOUR VICTORY, FRET NOT BROTHERS"
jb4k4ry,Gunners,11jw24s,0.7,This commentator truly believes. Truly
jb4jdrj,Gunners,11jw24s,0.9,Ha brilliant. The subtle soundtrack made that beautiful.
jb4qta7,Gunners,11jw24s,-0.7,Those subtitles do a poor job translating and I'm disappointed as an Arabic speaker it missed out on so much poetry and didn't capture all that Issam Chaouali was elegantly foretelling.
jb4k53n,Gunners,11jw24s,0.6,Nah this made me cry! This guy believed us from the start.
jb4n8iq,Gunners,11jw24s,0.9,Arabic is a really poetic language isn't it!
jb4jcm6,Gunners,11jw24s,0.0,Is this a real translation?
jb4k4jt,Gunners,11jw24s,0.6,"Arsenal getting the remontada gene. We love to see it.

But on a serious note with this team I genuinely believe they will fight till the last second which is why I donâ€™t get too nervous even when we are trailing."
jc6y88t,Gunners,11r7i0s,-0.9,I'm sorry but unfortunately I'm having saliba detain you for the next two months in London
jc6y6g7,Gunners,11r7i0s,0.75,Get this man tickets till May!
jc70hhy,Gunners,11r7i0s,0.1,Maybe its time you move to London..
jc6zpg6,Gunners,11r7i0s,0.9,"Clearly you're distracting the opposition players with your charming smile, mate. Good for you. Don't leave the country"
jc6znix,Gunners,11r7i0s,0.9,Can we all chip in to get this guy more tickets!
jc6y3bd,Gunners,11r7i0s,0.5,Don't ever miss another game!
jc707em,Gunners,11r7i0s,0.9,"Smile more man you look so unhappy!

Fair play, love the support from across the pond ğŸ¤ğŸ»"
jc72fpv,Gunners,11r7i0s,0.3,What was the process for getting tickets for you? Heading to Europe from Canada next season and want to catch a game.
jc70ybf,Gunners,11r7i0s,0.9,Canadian here and I am so so jealous!! I hope you had an amazing trip :) Iâ€™m hoping to make it out there for next season ğŸ¤ğŸ¼
jc715br,Gunners,11r7i0s,-0.5,Now youse can't leave.
jbtah36,coys,11omu4q,0.0,Bonk!
jbtewr6,coys,11omu4q,0.6,serge was always good vibes
jbtbwm4,coys,11omu4q,0.9,This is the Spurs content I didn't know I needed.
jbtcnvj,coys,11omu4q,-0.9,MOTD commentary: foreigners committing violent crimes endanger peaceful family outings
jbtchzc,coys,11omu4q,0.0,serge & sonny ğŸ˜­ğŸ˜­
jbtgpq4,coys,11omu4q,-0.5,"Serge: ""sonny shh just playyy~"""
jbu5woo,coys,11omu4q,0.9,Son getting along with all his current/former teammates always makes my day.
jbtakom,coys,11omu4q,-0.5,Red card?
jbtdfzi,coys,11omu4q,-0.75,I've seen Bruno Fernandez throw himself to the ground for much less.
jbu1u38,coys,11omu4q,0.4,â€œIf we win youâ€™re my brother but if we lose then youâ€™re just my friendâ€
jdskx42,coys,12309gl,-0.5,"Holy fuck they actually did it

Edit: Also, guys, Alasdair is off today lmao"
jdsl3ac,coys,12309gl,-0.5,Odd timing so late at night. Also shocked Stelini is staying for now
jdskyl1,coys,12309gl,-0.2,I'm surprised Stellini has remained. I thought he'd have gone with Conte.
jdslghn,coys,12309gl,-0.2,"On Ali Gold's day off, as is tradition"
jdsl4w4,coys,12309gl,-0.6,Honestly assumed the whole coaching staff would have gone except Mason.
jdslad2,coys,12309gl,0.5,Itâ€™s been a pleasure F5ing with you all ğŸ«¡
jdsl7a1,coys,12309gl,0.1,"People trashing Ali Gold in the match thread. Here you fucking go. This is Ali. No touches with no service, but when he does get it, it's done."
jdsm0xd,coys,12309gl,0.1,"To sign Nagelsman now would cost, Stellini in charge till the summer with a pre agreement for Nagels to come so we don't pay Bayern a bean? Fingers crossed"
jdsmbpe,coys,12309gl,-0.5,"Strange setup that it seems just Conte has left yet all his staff have remained.

Conte must have thought he mentally and physically needed to go."
jdslf1h,coys,12309gl,-0.5,On Ali Goldâ€™s off day as per usual
jcq542f,coys,11uvoep,-0.9,I can't believe he's actually said this? Jesus christ
jcq5s6f,coys,11uvoep,0.4,"Well, say what you will but this is more entertaining than whatever he's responsible for on the pitch"
jcq6gab,coys,11uvoep,-0.2,"I often make this Mourinho comparisons, not because I have any love for Mourinho, but just to make a point about Conte's strange public behaviour.

The 3-3 West Ham defeat that was just like this? Mourinho comes out and before any questions says this is a freak result, I don't want to hear any of this history of Tottenham shit, I want to just move on. The boys didn't deserve that.

Whether he believed that or it was true or not - even the king of troll press conferences said that.

Conte just straight up came out and said it's what that lot are used to. Lol.

Maybe this works for Conte and is a masterstroke but I don't see what positive outcome comes from it, but hey"
jcq5bh7,coys,11uvoep,-0.6,"Lol Im not against calling out the owners but damn, have some loyalty. This dude is trying to get sacked and cash out."
jcq5p3x,coys,11uvoep,-0.9,Unless Levy has a humiliation fetish hes got to be gone tonight lol
jcql9t1,coys,11uvoep,0.2,"Somewhere in Rome, thereâ€™s a Portuguese man having a giggle fit as he digs into his risotto."
jcq646r,coys,11uvoep,0.0,How can something be right and wrong at the same time
jcq6a9c,coys,11uvoep,-0.5,This is the most Antonio Conte end to this little experiment. Letâ€™s just hope itâ€™s actually the end so we can move onto a manager who doesnâ€™t think heâ€™s bigger than the club.
jcq57i7,coys,11uvoep,-0.9,Directly taking shots at Levy. Would be shocked if he isnâ€™t sacked now
jcq7772,coys,11uvoep,-0.7,"Guys paid to make the team work, to take players and improve them, to take the sum of its parts and make it better because he is elite

He has done none of that this season, no adaptability, poor results, constant performing below par with no sign of change

It can be the owner, the club, the players but ultimately Conte has not done the job he has been paid for this season, with the same, and argueably some better players we are worst than last season"
jepb4mx,coys,129x00o,-0.5,calling Human Resources to send that contract over pronto
jepdbre,coys,129x00o,-0.5,"I think the main thing is Nagelsmann and Vivell already have a history together. Maybe he would feel more comfortable at Chelsea because of it...

:("
jepceo3,coys,129x00o,0.9,Holy fuck i havenâ€™t laughed so hard haha thanks dude I needed this
jer23ko,coys,129x00o,-0.5,Rizz vs Sexual Harassment
jeppe14,coys,129x00o,-0.6,Whoever Chelsea hire will be sacked by xmas.
jepk7vq,coys,129x00o,0.0,"Levy could have, but wants to wait. Just like how we waited for our perfect appointment - Nuno."
jeqvzwz,coys,129x00o,0.3,Why does the edit for Levy fit so well lmaoo
jepazqm,coys,129x00o,-0.4,Would we really prefer Boehly over Levy?
jepjfdg,coys,129x00o,-0.6,Nagelsmann will just be another AVB
jepmtti,coys,129x00o,0.9,This is fucking quality
je4kqk0,coys,125l1it,-0.6,Cannot believe I get to fuckin use this again lmao.
je4kzxh,coys,125l1it,0.6,"I, for one, am here for the time line where Levy becomes the most successful manager in history."
je4my3q,coys,125l1it,-0.5,"Why shouldn't I have a custom go-kart called Precious1, decorate the track like gollum's cave and make it my domain until the age of man has passed for all time?"
je4mln3,coys,125l1it,-0.9,"One does not simply walk into Tottenham. It is a desolate, trophyless land and the very air you breathe is riddled with desperation and unfulfilled longing."
je4lrd7,coys,125l1it,-0.5,"We do not want any trophies here, thank you! Not today."
je4p8uq,coys,125l1it,-0.6,He can be manager as long as he fires himself in 18 months
je4qtns,coys,125l1it,0.2,"After 5 games. 
After all....why not? Why can't I sack myself?"
je4mltj,coys,125l1it,0.2,I meanâ€¦it could work?
je4px51,coys,125l1it,-0.5,I never noticed before how much Levy looks like Dr.Evil.
je4rfj1,coys,125l1it,-0.6,"Levy about to go full Glenn Tamplin, never go full Glenn Tamplin"
jdw0e25,MCFC,123s5ua,0.1,UCL incoming just for him
jdw4w85,MCFC,123s5ua,-0.6,"City til we die and forever after.

Condolences."
jdvzalj,MCFC,123s5ua,0.6,Sorry for your loss
jdw0y33,MCFC,123s5ua,0.9,Sorry for your loss. Sending virtual hugs ğŸ«‚
jdvz0ik,MCFC,123s5ua,-0.9,RIP
jdw1gbh,MCFC,123s5ua,0.9,May he rest in peace
jdw429h,MCFC,123s5ua,0.7,Rest in Paradise ğŸ™ğŸ™blessings to everyone involved.
jdw6wq0,MCFC,123s5ua,0.9,"Rest in peace. Once a blue, always a blue ğŸ’™"
jdw52kq,MCFC,123s5ua,0.6,Sorry for your loss
jdw6vv6,MCFC,123s5ua,-1.0,condolences
jea5eii,MCFC,126p7gv,0.0,*2013/14
jea6wje,MCFC,126p7gv,0.3,"City are so fortunate to have been able to effectively replace incredible midfielders.  De Bruyne is the obvious replacement for Yaya, and B Silva for David Silva for example.  And of course Haaland could be the long awaited replacement for AgÃ¼eroğŸ¤·â€â™‚ï¸"
jea7zhg,MCFC,126p7gv,0.9,"Yaya is one of the most talented players Iâ€™ve ever seen.  At his peak, he was nearly unbeatable"
jea9r5x,MCFC,126p7gv,0.75,"I remember being so confident with our free kicks back then. He was so consistent. And those runs, goals 11 and 20 against Cardiff and Villa, where he'd run in a straight line for 40 yards and no one could do anything about it. That's peak TourÃ©."
jea9o8q,MCFC,126p7gv,0.5,"I think some have forgotten just how good he was.

Side note eleven Yayas would have been pretty great"
jea6q40,MCFC,126p7gv,0.5,"He was unplayable for a couple of seasons. He should've played #9, I would'vs loved to see that."
jea90og,MCFC,126p7gv,0.2,Gods he was STRONG then
jeac3kc,MCFC,126p7gv,0.4,has there been a time in PL history where a player felt like more of a lock to score every free kick he took than Yaya at that point? He was automatic from 20-25 yards
jeacfjy,MCFC,126p7gv,0.9,Him and Dzeko were simply phenomenal in the latter half of 13/14. Never seen a player BOSS the midfield like Yaya in 13/14.
jeb8np3,MCFC,126p7gv,0.6,"Man to me he will always be in the same bracket as Kompany, Silva and Aguero regardless of all the drama !!!"
jelqtqe,MCFC,129422e,0.7,Today was Grealishâ€™s best performance ever in our shirt
jelr0b5,MCFC,129422e,0.0,This is peps dream
jem5x71,MCFC,129422e,0.6,He's more than earned his fried rice and Singapore chow mein
jelpncx,MCFC,129422e,0.95,"Absolutely loved seeing the effort he put in here. Not only has his attacking ability been showing through, but the pressing and defensive intensity have been off the charts! Absolutely love this man and everything heâ€™s been doing for the last yearâ€¦ keeps getting better and better"
jelsoio,MCFC,129422e,1.0,From Jackdini to De Grealish. What a game this man played today.
jelpy5y,MCFC,129422e,,[also Jack Grealish tackle vs Son.[PL 22/23]](https://www.reddit.com/r/MCFC/comments/10he5gv/grealish_tackle_on_sonpl_2223/?utm_source=share&utm_medium=android_app&utm_name=androidcss&utm_term=1&utm_content=share_button)
jemkqo8,MCFC,129422e,-0.4,Letâ€™s hope Tuchel starts Cancelo at right back for Bayern in the Champions League and that Grealish embarrasses Cancelo as badly as he embarrassed TAA today.
jem7gia,MCFC,129422e,-0.6,"u/adfantastic6235

Why are you not commenting this afternoon?

Honestly feels like the Grealish haters would rather see us lose than have Grealish winning games.

""it's weird that grealish gets more backing than mahrez who has done a lot more.""

""am i tweaking or pep can't see that mahrez and grealish both on the wing does nothing for us....""

""i don't understand what pep sees in jack that he needs to keep foden on the bench for him, even cole palmer who is a little to selfish looks better on the left""

""grealish keeping possession with a thousand back passes""

""grealish as cam? he hardly creates as much foden or gundo could from that position""

""frustrating watching mahrez and grealish give rodri the ball a million times""

""enlighten me? acting like grealish is a good and can't be easily replaced or bench we would still create enough damage""

""watching football since 2010, what is possible there that i wouldn't know? next you're gonna tell me jack grealish is worth 100m?""

""simply said he's being overrated for doing things that are ordinary, you're behaving as if grealish is doing some life changing things for our team""

u/exciseduty

Where are you?

""27 year old and 100mÂ£ and nothing to show for it. Btw what excuses are being made for him now? Earlier it was he will come good in second season, which he hasn't in short time he hasn't. Blue moon is happy he is winning corners they are making excuses of not having proper nLB. Pogba level excuses here""

""Still here he is still average and will be average. One game against an average opponent means  nothing. Â£100m have been wasted"""
jemey2r,MCFC,129422e,1.0,"The one-timer by KDB to gain the advantage and send Mahrez on his way. Sublime. 
Brilliant team goal."
jemt6j8,MCFC,129422e,0.9,"Over and over again. I said just wait, let him adjust. Let him figure it out. 


Jack Grealish has arrived for this team and he's surpassed what I even thought we were getting. Him being this good defensively was something I never saw coming.

What I love where he chases down Salah is that he's already gone before the pass is made. He's seen where the danger is and he's given himself the headstart for it."
jej6qpx,MCFC,128luqs,-0.5,Lmaoooooo shithousery
jej6yji,MCFC,128luqs,-0.6,Watch r/soccer have a heart attack over this
jej923p,MCFC,128luqs,0.5,Handshake with ArthurğŸ˜­ğŸ˜­ never change pep
jej9cq2,MCFC,128luqs,0.3,"It looks like Tsimikas said something to Pep at the start of the clip. but his mouth is covered so we cant see it. 

But honestly I would love it if Pep keeps getting unhinged as we win games ğŸ¤£"
jej8nb0,MCFC,128luqs,0.2,Super pep ğŸ˜…ğŸ˜…
jejak0r,MCFC,128luqs,-0.5,"People at /r/sOcCeR are so salty at this lmao, I fucking love this bald bastard"
jej91ka,MCFC,128luqs,-0.9,LMAO RIDICULOUS
jej9s0w,MCFC,128luqs,-0.4,THAT'S MY MANAGER
jeja3ra,MCFC,128luqs,0.0,![gif](giphy|3o6EQeB1evNnmFH1SM)
jej87pi,MCFC,128luqs,0.9,I love this man ğŸ¥¹
jc88rn5,MCFC,11rfykg,0.9,You can do it Rory!! We all believe in you!
jc8d4p0,MCFC,11rfykg,-0.6,People won't like to admit it but this is the real reason Pep subbed Haaland off so early.
jc8a0s7,MCFC,11rfykg,-0.5,AND I CANâ€™T WAIT
jc8dcra,MCFC,11rfykg,0.0,![gif](giphy|noykqNTEMZ3VPyDybv)
jc8ckxw,MCFC,11rfykg,-0.5,Just pull a pep -> overthink and ignore haaland goals all-together. Put timo yellow card instead or something.
jc8bmqe,MCFC,11rfykg,0.6,"ğŸ˜‚ğŸ˜‚ğŸ˜‚

I know your creative & clever talents are up for it!"
jc8b3fh,MCFC,11rfykg,0.5,This one will be special
jc8e4ru,MCFC,11rfykg,-0.9,I actually love when we win with a dodgy ref decision. Makes the tears from other fans sweeter
jc8dfbu,MCFC,11rfykg,0.9,We'll be waiting for your cartoon art :D
jc8pwz5,MCFC,11rfykg,-0.7,"Sometimes I wish we just have a normal keeper, that ball was going to the sideline but no Ederson had to bum rush out of his box."
jcr03ea,Everton,11v1q4w,0.9,I love him
jcr0t30,Everton,11v1q4w,0.9,Heâ€™s beautiful
jcr1pgj,Everton,11v1q4w,0.95,1 point but a happy point. Nice dayâ€¦.more please! Seeing this what we call a happy ending.
jcrc00p,Everton,11v1q4w,-0.4,"I hope he gives us a couple more seasons at least, but he'll be off eventually and its killing me already."
jcrl01m,Everton,11v1q4w,0.5,It really does feel like he likes the club alot
jctburj,Everton,11v1q4w,-0.9,Me when I see Koulibaly getting sent the shop
jcsku3k,Everton,11v1q4w,0.1,Heâ€™s never going to leave us.
jcrqmkm,Everton,11v1q4w,-0.7,"He's talking about relegation, he loves relegation"
jcrkg60,Everton,11v1q4w,-0.5,"If you love that, youâ€™ll love being relegated"
jcrkf8k,Everton,11v1q4w,-0.6,"If you love that, youâ€™ll love being relegated"
jcre87n,Everton,11v4q6f,-0.9,All I have to say is ELLIS. FUCKING. SIMMS.
jcrepud,Everton,11v4q6f,0.5,Putting the Tottenham match into the â€œWe could pick up some pointsâ€ category is looking more realistic to me.
jcrftbe,Everton,11v4q6f,0.6,Iâ€™ve just bought my 3 year old daughter this kitâ€¦ sheâ€™s doing a ballet recital tomorrow - very tempted to just stick the pink kit on her instead of her ballerina clobber ğŸ˜…
jcrpanv,Everton,11v4q6f,0.3,"11 points in 10 games for the target.  To be fair Iâ€™d prefer a target of 21 because of so many teams clumped together.

But letâ€™s look on the bright side.  We have Ellis SIMMS!!!"
jcre7kf,Everton,11v4q6f,0.2,There it is
jcrh3g7,Everton,11v4q6f,0.5,I like this version best!ğŸ˜† UTFT
jcrrm1z,Everton,11v4q6f,0.5,ITS DYCHE SEASON
jcrf2vx,Everton,11v4q6f,0.9,Absolute KING
jcrmr7e,Everton,11v4q6f,0.7,"Unreal to wake up to this morning, I knew we could get something from this game. UTFT."
jctexd6,Everton,11v4q6f,0.5,"Are you worried about relegation? Iâ€™m not. I really think Dyche can get us the points we need. If we started the season with him, we wouldnâ€™t be in relegation at all."
jeujgo5,Everton,12azuea,0.5,***My captain.***
jeuml9n,Everton,12azuea,-0.5,"Fucking pussy. Kicks gray on the ground then goes into a full fledged performance. Especially glad they didnâ€™t get the 3

And for the record Iâ€™m not saying Douc was in the right. But the point stands"
jeunrf6,Everton,12azuea,0.6,"This, and watching Kane go to him after the game and plead his case. Coleman has proper clout in this league."
jeuyw0s,Everton,12azuea,0.0,Englands captain vs Irelands captain in a mental battle.
jeuifz7,Everton,12azuea,-0.5,"â€œHow does my undercarriage smell, Kane?â€"
jevfxh2,Everton,12azuea,0.1,All the people saying any premier League player would do the same thing clearly weren't watching after Keane got up almost immediately after THAT challenge.
jevb8fi,Everton,12azuea,-0.6,"Kane really didn't need to hit the ground like a sniper victim, we have VAR and it would have been looked at and Doucs would have rightly got his red. The only difference is that Kane would have retained some dignity...."
jevcjh2,Everton,12azuea,0.6,"I met Seamus last summer when he was playing in the States. Dude was a class act. I canâ€™t begin to explain how kind but also focused on the match against an MLS opponent he was. 


Iâ€™m about 6 months younger than Seamus and I hope to be like him when I grow up.


Edit: Any respect I had for Harry Kane was lost today while I watched the game in my office. What a frickin pansy. Go miss another PK when it matters most ya fricking child."
jeuij9l,Everton,12azuea,-0.9,Doucoure was at fault but man I wouldn't have upset if he'd just taken a chunk out of Kane's leg instead of slapping his face
jev3yrp,Everton,12azuea,-0.6,"When you open up the webster dictionary to bitch, it's just a picture of Harry Kane"
jeu1qmx,Everton,12axe9x,0.25,I just watched the Jagielka goal earlier too shades of that
jeu1std,Everton,12axe9x,-0.5,Put him up front
jeu1lfx,Everton,12axe9x,0.9,Holy shit. What a banger!!!
jeu2ozr,Everton,12axe9x,-0.5,Don't give keano that kind of space. Obviously
jeu2z8t,Everton,12axe9x,0.1,"At work on a train and I just laid on the horn after that hit ğŸš‚âš½ï¸âš½ï¸âš½ï¸âš½ï¸âš½ï¸

UTFT!!!!"
jeu211e,Everton,12axe9x,-0.9,Fucking hell what a mad bastard
jeu2rnh,Everton,12axe9x,0.0,Bolt from the Everton blue
jeu2xwt,Everton,12axe9x,-0.95,WHAT A FUCKING PISS MISSILE. SHADES OF ANDROS TOWNSEND.
jeu3en3,Everton,12axe9x,0.4,He teased a banger with the chest and volley in the first half
jeu5bi0,Everton,12axe9x,-0.5,Keane is the kind of guy who will put us in the relegation zone and then save us from it
jeojwov,Everton,129rk7b,0.3,I honestly didnâ€™t know he was still playing at 40. Congratulations to him.
jeorpc7,Everton,129rk7b,0.9,Respect to Jags! A wonderful Everton captain and Everton centre back when we needed his leadership.
jeojwyd,Everton,129rk7b,0.9,Legend!
jeororq,Everton,129rk7b,0.9,What a great player he was for us.
jepex27,Everton,129rk7b,-0.6,"Imagine a prime Jags - Tarky partnership ğŸ¤¬

Although jags and distan weâ€™re quality"
jep9teg,Everton,129rk7b,0.2,"Obligatory 

https://www.dailymotion.com/video/x29xdzg"
jeouobj,Everton,129rk7b,0.9,Captain fantastic!
jepj28t,Everton,129rk7b,0.9,"My all time favourite player! Congratulations jags mate what an achievement.

Love ya bro!"
jepscx2,Everton,129rk7b,0.9,ğŸ‘ğŸ» met his sister on holiday
jeonrh8,Everton,129rk7b,0.0,ğŸ
jbym46m,NUFC,11pmlao,0.6,"Welcome to [r/NUFC!](https://reddit.com/r/nufc)

[Join our Discord Server](https://discord.gg/newcastleutd) for real time discussion, competitions, and to meet hundreds of NUFC fans across the globe.

*I am a bot, and this action was performed automatically. Please [contact the moderators of this subreddit](/message/compose/?to=/r/NUFC) if you have any questions or concerns.*"
jbym89u,NUFC,11pmlao,0.9,Missed these so much. Bonus Krafth in the mix and Gordonâ€™s first photo. Absolute joy.
jbyp5jb,NUFC,11pmlao,-0.5,Where's Karius? Is he safe? Is he alright?
jbytpuj,NUFC,11pmlao,0.7,Just noticed how absolutely ripped Murphy is. Absolute unit
jbynq5n,NUFC,11pmlao,-0.4,Tfw you donâ€™t get sent off for a second time in a row at home
jbyrere,NUFC,11pmlao,0.6,"Hell of a header from Isak like, like hell of a header!"
jbyqg8j,NUFC,11pmlao,0.6,"Been too long since we saw these pics, great to see it back today"
jbyzsou,NUFC,11pmlao,-0.6,"Iâ€™m worried Miggy is going to fail a drugs test, those eyes."
jbyn0bj,NUFC,11pmlao,-0.6,Mike Tindall managing to look pinging on every single photo heâ€™s in
jbyqof9,NUFC,11pmlao,0.7,Been a while since this; much overdue. Good result.
jeor57q,NUFC,129t1rp,0.5,"Welcome to [r/NUFC!](https://reddit.com/r/nufc)

[Join our Discord Server](https://discord.gg/newcastleutd) for real time discussion, competitions, and to meet hundreds of NUFC fans across the globe.

*I am a bot, and this action was performed automatically. Please [contact the moderators of this subreddit](/message/compose/?to=/r/NUFC) if you have any questions or concerns.*"
jeoteh2,NUFC,129t1rp,0.0,Yeo. There it is.
jep5jx3,NUFC,129t1rp,-0.6,Itâ€™s unreal to think that weâ€™ve lost the same number of games as first place arsenal at the minute.
jep2a1d,NUFC,129t1rp,-0.5,I want every fan in the changing room victory shot when we win the league.
jeotksx,NUFC,129t1rp,-0.4,Who are the two lads infront of and behind the two goal scorers??
jep4ic6,NUFC,129t1rp,0.6,"I want to know how the new owners feel, this season has been unreal. They must be surprised at the least right? Or if anything they must feel like buying this club was the right decision."
jepdxmp,NUFC,129t1rp,0.0,"ğŸ§’ğŸ§’ğŸ»ğŸ§’ğŸ§’ğŸ½ğŸ§’ğŸ»ğŸ§’ğŸ»ğŸ§’ğŸ¿

ğŸ§’ğŸ§’ğŸ½ğŸ§’ğŸ¿ğŸ‘¹ğŸ‘¦ğŸ‘¦ğŸ§’ğŸ»

ğŸ§’ğŸ§’ğŸ»ğŸ§’ğŸ»ğŸ§’ğŸ§’ğŸ½ğŸ‘¦ğŸ‘¦"
jeovqny,NUFC,129t1rp,-0.5,Pope has had a shocker there like. Looks like he's already hit up Bigg Market
jeotn5b,NUFC,129t1rp,-0.4,Who are the guys to the left of Willock crouching and above Willock.
jepinwj,NUFC,129t1rp,-0.5,I have been dreaming of CL for too long.  To be able to drink it with Spurs tears would be heavenly.
jcmfc0m,NUFC,11u585t,0.5,"Welcome to [r/NUFC!](https://reddit.com/r/nufc)

[Join our Discord Server](https://discord.gg/newcastleutd) for real time discussion, competitions, and to meet hundreds of NUFC fans across the globe.

*I am a bot, and this action was performed automatically. Please [contact the moderators of this subreddit](/message/compose/?to=/r/NUFC) if you have any questions or concerns.*"
jcmg0s1,NUFC,11u585t,0.9,"What a signing. A martial arts kick finish, a legendary assist (minus VAR bullshit) and one of the coolest penalties Iâ€™ve ever seen"
jcmfh3m,NUFC,11u585t,-0.5,Made a keeper like Navas look like a pole stuck to the ground.
jcmffo3,NUFC,11u585t,0.2,Put up the statue
jcmfrzt,NUFC,11u585t,0.9,This lad is going to be a legend here. What a player he is!
jcmftth,NUFC,11u585t,0.4,"Get in lad. I swear watching Newcastle will be the death of me, my heart was going like the clappers."
jcmfwzw,NUFC,11u585t,-0.5,Gimme gimme gimme a striker from Sweden
jcmgchw,NUFC,11u585t,0.7,"The love he has for the fans as well, I donâ€™t know if he was the same for Sociedad, but it seems like whenever he has the chance to pump up the atmosphere he uses it"
jcmgj1l,NUFC,11u585t,-0.4,People gave us shit for paying 60m for him but he looks absolutely fucking immense. Absolute bargain if you ask me.
jcmfwr5,NUFC,11u585t,0.9,"What a baller, that skill and cross for Andersonâ€™s goal was sublime as well"
jcmokzg,NUFC,11u72vr,0.5,"Welcome to [r/NUFC!](https://reddit.com/r/nufc)

[Join our Discord Server](https://discord.gg/newcastleutd) for real time discussion, competitions, and to meet hundreds of NUFC fans across the globe.

*I am a bot, and this action was performed automatically. Please [contact the moderators of this subreddit](/message/compose/?to=/r/NUFC) if you have any questions or concerns.*"
jcmskx7,NUFC,11u72vr,0.6,"Isak played it down quite a lot in the interview, said Navas knew straight away and came for him. Eddie said he had no idea what was going on. 

Love our team"
jcmruls,NUFC,11u72vr,-0.5,"This is the face of the man who tricked me, you, Nottingham Forest and the entire Newcastle fanbase. 

What a man, he got me. I was so convinced he was taking it."
jcmoos6,NUFC,11u72vr,0.9,Might be one of my favourite images of all time
jcmplib,NUFC,11u72vr,0.4,"This is from just before the penalty, isn't it?

&#x200B;

That look says, ""you know what's coming, and you know there's not a thing you can do to stop it."""
jcmu542,NUFC,11u72vr,-0.5,"Fucking amazing. He had me fooled, thatâ€™s for sure. That shit eating grin says it all."
jcmqarz,NUFC,11u72vr,-0.6,When you proudly drop a massive fart and nobody knows it was you
jcn1lue,NUFC,11u72vr,-0.5,I genuinely thought this little fucker was gonna take it and I was shitting my pants lmao.
jco3zoi,NUFC,11u72vr,0.6,"Great shithousery but also the sign of a crafty, streetwise captain who protects his team at all costs. He really cares."
jcn5kjv,NUFC,11u72vr,-0.6,Anyone got a clip of the shithousing?
jcmo443,NUFC,11u6zoq,0.2,"Welcome to [r/NUFC!](https://reddit.com/r/nufc)

[Join our Discord Server](https://discord.gg/newcastleutd) for real time discussion, competitions, and to meet hundreds of NUFC fans across the globe.

*I am a bot, and this action was performed automatically. Please [contact the moderators of this subreddit](/message/compose/?to=/r/NUFC) if you have any questions or concerns.*"
jcmp618,NUFC,11u6zoq,0.9,I will NEVER tire of these photos.  EVER.
jcmpdo3,NUFC,11u6zoq,0.4,Karius has some beautiful hair like
jcmp5bp,NUFC,11u6zoq,0.6,"Good to see Kraft in there too, out all season and travelling to our away matches"
jcmogtl,NUFC,11u6zoq,0.6,Anderson and Murphy having a flex off! ğŸ’ª
jcmpuum,NUFC,11u6zoq,0.3,"Anderson and Murphy ripped, Karius long flowing locks. Newcastle Greek Gods FC confirmed"
jcmpivf,NUFC,11u6zoq,0.5,Isak has a real look of divilment in these photos and I love it
jcmtqvg,NUFC,11u6zoq,0.6,"Nice to see Gordon there despite injury, and Karius & Krafth loving it too."
jcmtn8z,NUFC,11u6zoq,0.6,Karius looks even more handsome with his hair down
jcogi2y,NUFC,11u6zoq,0.5,Bloody hell Anderson is a beast
